{"count":1,"self":351.8874112,"total":1154.6784301999999,"children":{"InitializeActuators":{"count":1,"self":0.0009972,"total":0.0009972,"children":null},"InitializeSensors":{"count":1,"self":0.00099739999999999985,"total":0.00099739999999999985,"children":null},"AgentSendState":{"count":1014634,"self":2.4098547999999997,"total":72.2861728,"children":{"CollectObservations":{"count":202927,"self":0.38927849999999997,"total":0.38927849999999997,"children":null},"WriteActionMask":{"count":202927,"self":0.2409886,"total":0.2409886,"children":null},"RequestDecision":{"count":202927,"self":1.0368089999999999,"total":69.246050799999992,"children":{"AgentInfo.ToProto":{"count":202927,"self":1.333845,"total":68.2092418,"children":{"GenerateSensorData":{"count":202927,"self":66.8753984,"total":66.87539679999999,"children":null}}}}}}},"DecideAction":{"count":1014634,"self":726.56855039999994,"total":726.5685525,"children":null},"AgentAct":{"count":1014634,"self":3.5643599999999998,"total":3.5643599999999998,"children":null},"AgentInfo.ToProto":{"count":1287,"self":0.0029904,"total":0.36893339999999997,"children":{"GenerateSensorData":{"count":1287,"self":0.36594299999999996,"total":0.36594299999999996,"children":null}}}},"gauges":{"Agent Controller.CumulativeReward":{"count":1287,"max":5,"min":-2.5,"runningAverage":1.40442944,"value":-2.5,"weightedAverage":0.276839226}},"metadata":{"timer_format_version":"0.1.0","start_time_seconds":"1708950676","unity_version":"2022.3.20f1","command_line_arguments":"C:\\Program Files\\Unity\\Hub\\Editor\\2022.3.20f1\\Editor\\Unity.exe -projectpath C:\\Users\\ph62ldr\\OneDrive - Education Vaud\\Unity Games\\Crossy-Road-AI -useHub -hubIPC -cloudEnvironment production -licensingIpc LicenseClient-ph62ldr -hubSessionId 379e7a93-07b5-41f9-9c0f-28612a04ab7c -accessToken PMkl1LyRpyVTru7zTlN45mRJllojwasBJ63Dduf-FGE008f","communication_protocol_version":"1.5.0","com.unity.ml-agents_version":"2.0.1","scene_name":"SampleScene","end_time_seconds":"1708951830"}}