{
    "name": "root",
    "gauges": {
        "AgentController.Policy.Entropy.mean": {
            "value": 1.433869481086731,
            "min": 1.4281193017959595,
            "max": 1.4448693990707397,
            "count": 3
        },
        "AgentController.Policy.Entropy.sum": {
            "value": 71670.53125,
            "min": 71670.53125,
            "max": 72347.5,
            "count": 3
        },
        "AgentController.Step.mean": {
            "value": 149975.0,
            "min": 49947.0,
            "max": 149975.0,
            "count": 3
        },
        "AgentController.Step.sum": {
            "value": 149975.0,
            "min": 49947.0,
            "max": 149975.0,
            "count": 3
        },
        "AgentController.Policy.ExtrinsicValueEstimate.mean": {
            "value": 0.9400255084037781,
            "min": 0.9400255084037781,
            "max": 1.681671142578125,
            "count": 3
        },
        "AgentController.Policy.ExtrinsicValueEstimate.sum": {
            "value": 734.159912109375,
            "min": 734.159912109375,
            "max": 1318.43017578125,
            "count": 3
        },
        "AgentController.Environment.EpisodeLength.mean": {
            "value": 208.71428571428572,
            "min": 208.71428571428572,
            "max": 569.156626506024,
            "count": 2
        },
        "AgentController.Environment.EpisodeLength.sum": {
            "value": 1461.0,
            "min": 1461.0,
            "max": 47240.0,
            "count": 2
        },
        "AgentController.Environment.CumulativeReward.mean": {
            "value": 5.0,
            "min": 1.4337349397590362,
            "max": 5.0,
            "count": 2
        },
        "AgentController.Environment.CumulativeReward.sum": {
            "value": 35.0,
            "min": 35.0,
            "max": 119.0,
            "count": 2
        },
        "AgentController.Policy.ExtrinsicReward.mean": {
            "value": 5.0,
            "min": 1.4337349397590362,
            "max": 5.0,
            "count": 2
        },
        "AgentController.Policy.ExtrinsicReward.sum": {
            "value": 35.0,
            "min": 35.0,
            "max": 119.0,
            "count": 2
        },
        "AgentController.Losses.PolicyLoss.mean": {
            "value": 0.02204338725966712,
            "min": 0.02204338725966712,
            "max": 0.023314210260286926,
            "count": 3
        },
        "AgentController.Losses.PolicyLoss.sum": {
            "value": 0.1102169362983356,
            "min": 0.09278710004097472,
            "max": 0.11657105130143464,
            "count": 3
        },
        "AgentController.Losses.ValueLoss.mean": {
            "value": 0.005720565582936009,
            "min": 0.005720565582936009,
            "max": 0.25764501040490967,
            "count": 3
        },
        "AgentController.Losses.ValueLoss.sum": {
            "value": 0.028602827914680044,
            "min": 0.028602827914680044,
            "max": 1.0305800416196387,
            "count": 3
        },
        "AgentController.Policy.LearningRate.mean": {
            "value": 0.000225951024683,
            "min": 0.000225951024683,
            "max": 0.00028461000512999997,
            "count": 3
        },
        "AgentController.Policy.LearningRate.sum": {
            "value": 0.001129755123415,
            "min": 0.001129755123415,
            "max": 0.0012842874719042,
            "count": 3
        },
        "AgentController.Policy.Epsilon.mean": {
            "value": 0.17531700000000003,
            "min": 0.17531700000000003,
            "max": 0.19487000000000002,
            "count": 3
        },
        "AgentController.Policy.Epsilon.sum": {
            "value": 0.8765850000000002,
            "min": 0.7794800000000001,
            "max": 0.9280957999999999,
            "count": 3
        },
        "AgentController.Policy.Beta.mean": {
            "value": 0.0037683183,
            "min": 0.0037683183,
            "max": 0.004744013,
            "count": 3
        },
        "AgentController.Policy.Beta.sum": {
            "value": 0.0188415915,
            "min": 0.0188415915,
            "max": 0.021411980420000004,
            "count": 3
        },
        "AgentController.IsTraining.mean": {
            "value": 1.0,
            "min": 1.0,
            "max": 1.0,
            "count": 3
        },
        "AgentController.IsTraining.sum": {
            "value": 1.0,
            "min": 1.0,
            "max": 1.0,
            "count": 3
        }
    },
    "metadata": {
        "timer_format_version": "0.1.0",
        "start_time_seconds": "1708945777",
        "python_version": "3.9.13 (tags/v3.9.13:6de2ca5, May 17 2022, 16:36:42) [MSC v.1929 64 bit (AMD64)]",
        "command_line_arguments": "C:\\Users\\ph62ldr\\OneDrive - Education Vaud\\Unity Games\\Crossy-Road-AI\\MLvenv\\Scripts\\mlagents-learn --run-id =PelletGrabberRunV1",
        "mlagents_version": "0.30.0",
        "mlagents_envs_version": "0.30.0",
        "communication_protocol_version": "1.5.0",
        "pytorch_version": "2.2.1+cpu",
        "numpy_version": "1.21.2",
        "end_time_seconds": "1708945988"
    },
    "total": 211.28449990000001,
    "count": 1,
    "self": 0.004920200000043451,
    "children": {
        "run_training.setup": {
            "total": 0.08869570000000015,
            "count": 1,
            "self": 0.08869570000000015
        },
        "TrainerController.start_learning": {
            "total": 211.19088399999998,
            "count": 1,
            "self": 0.41245400000116206,
            "children": {
                "TrainerController._reset_env": {
                    "total": 5.764672800000001,
                    "count": 1,
                    "self": 5.764672800000001
                },
                "TrainerController.advance": {
                    "total": 204.90170159999883,
                    "count": 22545,
                    "self": 0.4064807999984623,
                    "children": {
                        "env_step": {
                            "total": 167.19680609999898,
                            "count": 22545,
                            "self": 139.16725659999867,
                            "children": {
                                "SubprocessEnvManager._take_step": {
                                    "total": 27.76768029999888,
                                    "count": 22545,
                                    "self": 1.0805538999993516,
                                    "children": {
                                        "TorchPolicy.evaluate": {
                                            "total": 26.687126399999528,
                                            "count": 22484,
                                            "self": 26.687126399999528
                                        }
                                    }
                                },
                                "workers": {
                                    "total": 0.261869200001426,
                                    "count": 22544,
                                    "self": 0.0,
                                    "children": {
                                        "worker_root": {
                                            "total": 202.71154270000008,
                                            "count": 22544,
                                            "is_parallel": true,
                                            "self": 87.08105140000067,
                                            "children": {
                                                "steps_from_proto": {
                                                    "total": 0.00036589999999936396,
                                                    "count": 1,
                                                    "is_parallel": true,