{
    "name": "root",
    "gauges": {
        "PongAgent.Policy.Entropy.mean": {
            "value": 0.8797178864479065,
            "min": 0.8320217132568359,
            "max": 1.373224139213562,
            "count": 141
        },
        "PongAgent.Policy.Entropy.sum": {
            "value": 17087.640625,
            "min": 16191.224609375,
            "max": 28033.869140625,
            "count": 141
        },
        "PongAgent.Environment.EpisodeLength.mean": {
            "value": 43.540284360189574,
            "min": 37.91085271317829,
            "max": 77.30864197530865,
            "count": 141
        },
        "PongAgent.Environment.EpisodeLength.sum": {
            "value": 9187.0,
            "min": 7838.0,
            "max": 15173.0,
            "count": 141
        },
        "PongAgent.Self-play.ELO.mean": {
            "value": 728.719295681911,
            "min": 271.20731565143166,
            "max": 728.719295681911,
            "count": 141
        },
        "PongAgent.Self-play.ELO.sum": {
            "value": 153759.77138888324,
            "min": 40136.92672820296,
            "max": 180678.26077596826,
            "count": 141
        },
        "PongAgent.Step.mean": {
            "value": 3319988.0,
            "min": 519944.0,
            "max": 3319988.0,
            "count": 141
        },
        "PongAgent.Step.sum": {
            "value": 3319988.0,
            "min": 519944.0,
            "max": 3319988.0,
            "count": 141
        },
        "PongAgent.Policy.ExtrinsicValueEstimate.mean": {
            "value": 6.773490905761719,
            "min": -3.2464540004730225,
            "max": 7.803880214691162,
            "count": 141
        },
        "PongAgent.Policy.ExtrinsicValueEstimate.sum": {
            "value": 2777.13134765625,
            "min": -1282.349365234375,
            "max": 3355.66845703125,
            "count": 141
        },
        "PongAgent.Environment.CumulativeReward.mean": {
            "value": 14.763033175355451,
            "min": 10.833333333333334,
            "max": 15.0,
            "count": 141
        },
        "PongAgent.Environment.CumulativeReward.sum": {
            "value": 3115.0,
            "min": 1730.0,
            "max": 3845.0,
            "count": 141
        },
        "PongAgent.Policy.ExtrinsicReward.mean": {
            "value": 14.763033175355451,
            "min": 10.833333333333334,
            "max": 15.0,
            "count": 141
        },
        "PongAgent.Policy.ExtrinsicReward.sum": {
            "value": 3115.0,
            "min": 1730.0,
            "max": 3845.0,
            "count": 141
        },
        "PongAgent.Losses.PolicyLoss.mean": {
            "value": 0.09442760074705506,
            "min": 0.08496998720946386,
            "max": 0.11798438192685524,
            "count": 141
        },
        "PongAgent.Losses.PolicyLoss.sum": {
            "value": 0.18885520149411011,
            "min": 0.08496998720946386,
            "max": 0.23462561539373755,
            "count": 141
        },
        "PongAgent.Losses.ValueLoss.mean": {
            "value": 0.49259959757519656,
            "min": 0.19095304355465081,
            "max": 116.23640458370743,
            "count": 141
        },
        "PongAgent.Losses.ValueLoss.sum": {
            "value": 0.9851991951503931,
            "min": 0.19095304355465081,
            "max": 232.47280916741485,
            "count": 141
        },
        "PongAgent.Policy.LearningRate.mean": {
            "value": 0.00010144008618665997,
            "min": 0.00010144008618665997,
            "max": 0.00026927449024184,
            "count": 141
        },
        "PongAgent.Policy.LearningRate.sum": {
            "value": 0.00020288017237331995,
            "min": 0.00010254234581923997,
            "max": 0.0005363446412184601,
            "count": 141
        },
        "PongAgent.Policy.Epsilon.mean": {
            "value": 0.13381334,
            "min": 0.13381334,
            "max": 0.18975816000000004,
            "count": 141
        },
        "PongAgent.Policy.Epsilon.sum": {
            "value": 0.26762668,
            "min": 0.13418076,
            "max": 0.3787815400000001,
            "count": 141
        },
        "PongAgent.Policy.Beta.mean": {
            "value": 0.00017568536599999997,
            "min": 0.00017568536599999997,
            "max": 0.0004498149840000001,
            "count": 141
        },
        "PongAgent.Policy.Beta.sum": {
            "value": 0.00035137073199999994,
            "min": 0.00017748572399999997,
            "max": 0.000896029546,
            "count": 141
        },
        "PongAgent.IsTraining.mean": {
            "value": 1.0,
            "min": 1.0,
            "max": 1.0,
            "count": 141
        },
        "PongAgent.IsTraining.sum": {
            "value": 1.0,
            "min": 1.0,
            "max": 1.0,
            "count": 141
        }
    },
    "metadata": {
        "timer_format_version": "0.1.0",
        "start_time_seconds": "1709236892",
        "python_version": "3.9.13 (tags/v3.9.13:6de2ca5, May 17 2022, 16:36:42) [MSC v.1929 64 bit (AMD64)]",
        "command_line_arguments": "C:\\Users\\g.renaud\\Documents\\GitHub\\Crossy-Road-AI\\MLvenv\\Scripts\\mlagents-learn pong-config-selfplay.yaml --run-id=pong-selfV3 --resume",
        "mlagents_version": "0.30.0",
        "mlagents_envs_version": "0.30.0",
        "communication_protocol_version": "1.5.0",
        "pytorch_version": "2.2.1+cpu",
        "numpy_version": "1.21.2",
        "end_time_seconds": "1709239696"
    },
    "total": 2804.1745152,
    "count": 1,
    "self": 0.011392099999739003,
    "children": {
        "run_training.setup": {
            "total": 0.11697939999999996,
            "count": 1,
            "self": 0.11697939999999996
        },
        "TrainerController.start_learning": {
            "total": 2804.0461437,
            "count": 1,
            "self": 2.941047099996922,
            "children": {
                "TrainerController._reset_env": {
                    "total": 12.52217600000071,
                    "count": 13,
                    "self": 12.52217600000071
                },
                "TrainerController.advance": {
                    "total": 2788.483347000002,
                    "count": 111598,
                    "self": 2.814636100095413,
                    "children": {
                        "env_step": {
                            "total": 1153.9853995999679,
                            "count": 111598,
                            "self": 981.4139086000039,
                            "children": {
                                "SubprocessEnvManager._take_step": {
                                    "total": 170.78268909995052,
                                    "count": 111598,
                                    "self": 7.45408189993816,
                                    "children": {
                                        "TorchPolicy.evaluate": {
                                            "total": 163.32860720001236,
                                            "count": 88679,
                                            "self": 163.32860720001236
                                        }
                                    }
                                },
                                "workers": {
                                    "total": 1.7888019000134658,
                                    "count": 111598,
                                    "self": 0.0,
                                    "children": {
                                        "worker_root": {
                                            "total": 2786.798708900001,
                                            "count": 111598,
                                            "is_parallel": true,
                                            "self": 2030.0879577999906,